# Fluent Forever 'Your First 625' (Gabriel Wyner), Cebuano (tunatale-u8nz, 2026-09-26).
# Row order is queue order: most used word first (cebuano_frequency.tsv.gz), no two neighbours from one category while another
#   category has a word waiting (2026-10-05; Wyner's thematic order served five animals on one day). After adding or editing a row,
#   run scripts/order_base_list.py --apply; a test holds this file to that order.
# Translations drafted by the orchestrator, then gated against the kaikki.org Cebuano extract.
# status: dictionary = headword with a compatible gloss; variant = listed as an alternative form (spelling kept because it is the common one);
#   usage = no headword, but used >= 5 times in the dictionary's example sentences; reviewed = headword whose gloss wording differs, meaning checked by hand;
#   unconfirmed = the dictionary cannot confirm it (mostly loanwords the extract lacks). NOT minted unless the user accepts it.
#   accepted = was unconfirmed; accepted by the user on 2026-09-26 (76 rows; the other 4 were already cards).
# Words dropped: multi-word entries (train station, son, daughter...), grammar labels, senses Cebuano shares one word for, and pink/adult (dictionary disagrees).
category	english	cebuano	status
pronoun	this (near me)	kini	dictionary
number	one	usa	reviewed
pronoun	he; she	siya	accepted
misc	no; not	dili	reviewed
pronoun	they	sila	accepted
people	victim	biktima	dictionary
number	two	duha	dictionary
pronoun	I	ako	accepted
number	first	una	dictionary
verb	see	kita	dictionary
people	person; human	tawo	dictionary
direction	inside	sulod	dictionary
beverage	juice	duga	dictionary
adjective	good	maayo	dictionary
location	city	siyudad	dictionary
time	year	tuig	dictionary
adjective	big	dako	dictionary
people	president	presidente	dictionary
direction	outside	gawas	dictionary
nature	sun; day	adlaw	dictionary
location	town	lungsod	dictionary
adjective	new	bag-o	dictionary
location	place; location	lugar	usage
verb	kill; die; dead	patay	dictionary
people	family	pamilya	usage
location	house	balay	dictionary
verb	carry; bring	dala	usage
number	three	tulo	dictionary
job	job; work	trabaho	dictionary
verb	follow	sunod	dictionary
job	police	pulis	accepted
food	bread	pan	dictionary
direction	below; down; low	ubos	dictionary
time	morning	buntag	dictionary
people	child	bata	dictionary
time	evening; night	gabii	dictionary
transportation	vehicle	sakyanan	variant
body	body	lawas	dictionary
time	afternoon	hapon	dictionary
people	woman	babaye	dictionary
time	week	semana	dictionary
people	man	lalaki	dictionary
verb	throw	labay	dictionary
direction	right (side)	tuo	dictionary
verb	call	tawag	dictionary
body	sick; pain; disease	sakit	dictionary
verb	say; speak	sulti	dictionary
number	four	upat	dictionary
verb	fight	away	dictionary
month	January	Enero	dictionary
verb	go	adto	reviewed
direction	tall; long; high; up	taas	dictionary
verb	burn	sunog	reviewed
location	country	nasod	dictionary
beverage	water	tubig	dictionary
people	wife	asawa	dictionary
location	street; road	dalan	dictionary
verb	run	dagan	dictionary
day	Monday	Lunes	dictionary
nature	moon; month	bulan	dictionary
verb	watch; look	tan-aw	dictionary
time	hour; time	oras	dictionary
people	father	amahan	dictionary
number	five	lima	dictionary
month	May	Mayo	dictionary
society	strength; energy	kusog	dictionary
day	Saturday	Sabado	dictionary
misc	image; picture	hulagway	reviewed
verb	pass by	agi	usage
people	husband	bana	dictionary
verb	buy	palit	dictionary
people	mother	inahan	dictionary
month	June	Hunyo	dictionary
society	death	kamatayon	dictionary
transportation	bus	bus	accepted
verb	marry	minyo	dictionary
month	March	Marso	dictionary
people	parent	ginikanan	dictionary
day	Friday	Biyernes	dictionary
month	December	Disyembre	dictionary
number	second (ordinal)	ikaduha	dictionary
misc	wound; injury	samad	dictionary
month	February	Pebrero	dictionary
location	court	korte	accepted
month	July	Hulyo	dictionary
day	Thursday	Huwebes	dictionary
verb	build	tukod	dictionary
month	October	Oktubre	dictionary
number	six	unom	dictionary
adjective	tight	hugot	dictionary
day	Tuesday	Martes	dictionary
body	head	ulo	dictionary
food	food	pagkaon	dictionary
people	neighbor	silingan	reviewed
society	newspaper	mantalaan	dictionary
verb	sell	baligya	dictionary
location	church	simbahan	dictionary
verb	search; look for	pangita	accepted
adjective	small	gamay	dictionary
verb	pay; payment	bayad	dictionary
people	friend	higala	dictionary
job	student	estudyante	dictionary
society	money	kwarta	variant
adjective	young	batan-on	dictionary
society	murder	pagpatay	reviewed
adjective	alive	buhi	dictionary
month	April	Abril	dictionary
society	price	presyo	dictionary
location	hospital	ospital	dictionary
society	drug	droga	accepted
location	ground; earth; soil	yuta	dictionary
society	relationship	relasyon	dictionary
job	patient	pasyente	dictionary
people	sibling	igsuon	dictionary
adjective	old (thing)	daan	dictionary
measure	meter	metro	accepted
verb	hear	dungog	dictionary
society	peace	kalinaw	dictionary
pronoun	we (not you)	kami	accepted
body	finger	tudlo	dictionary
job	teacher	magtutudlo	dictionary
direction	front	atubangan	usage
verb	stop	hunong	dictionary
body	hand	kamot	dictionary
number	seven	pito	dictionary
measure	half	tunga	dictionary
pronoun	you	ikaw	reviewed
verb	count	ihap	dictionary
adjective	beautiful	nindot	variant
verb	drive	maneho	dictionary
adjective	fast	paspas	dictionary
verb	wear	sul-ob	dictionary
location	hotel	hotel	accepted
verb	catch	dakop	dictionary
month	August	Agosto	dictionary
job	soldier	sundalo	dictionary
number	third	ikatulo	dictionary
society	election	eleksyon	dictionary
number	eight	walo	dictionary
job	doctor	doktor	dictionary
verb	drink	inom	dictionary
location	office	opisina	dictionary
adjective	expensive	mahal	dictionary
number	million	milyon	accepted
verb	walk	lakaw	dictionary
society	medicine	tambal	dictionary
verb	win	daog	dictionary
month	September	Septiyembre	dictionary
verb	open	abli	dictionary
nature	rain	ulan	dictionary
animal	pig	baboy	dictionary
verb	love	gugma	dictionary
food	rice (uncooked)	bugas	dictionary
verb	eat	kaon	dictionary
job	lawyer	abogado	dictionary
location	store; shop	tindahan	dictionary
month	November	Nobyembre	dictionary
location	camp	kampo	accepted
body	eye	mata	dictionary
location	market	merkado	dictionary
nature	sea	dagat	dictionary
home	letter; write	sulat	dictionary
nature	tree; wood	kahoy	dictionary
verb	clean	limpyo	dictionary
adjective	wet	basa	dictionary
verb	study; learn	tuon	dictionary
body	face	nawong	dictionary
verb	sit	lingkod	dictionary
location	school	eskwelahan	variant
transportation	ship	barko	dictionary
verb	explode	buto	dictionary
adjective	poor	kabus	accepted
direction	side	kilid	dictionary
number	nine	siyam	dictionary
body	blood	dugo	dictionary
material	stone	bato	dictionary
day	Sunday	Domingo	variant
adjective	happy	malipayon	dictionary
electronics	radio	radyo	dictionary
nature	wind; air	hangin	dictionary
direction	back (behind)	likod	dictionary
society	gun	pusil	dictionary
pronoun	you (plural)	kamo	reviewed
verb	sign (one's name)	pirma	dictionary
home	paper	papel	dictionary
animal	fish	isda	dictionary
nature	fire	kalayo	dictionary
animal	dog	iro	dictionary
nature	ocean	kadagatan	dictionary
verb	sleep	tulog	reviewed
adjective	slow	hinay	dictionary
verb	grow	tubo	dictionary
number	ten	napulo	dictionary
body	heart	kasingkasing	dictionary
adjective	hot	init	dictionary
society	contract	kontrata	accepted
number	number	numero	accepted
nature	plant	tanom	dictionary
body	neck	liog	dictionary
verb	lose	pildi	dictionary
society	wedding	kasal	dictionary
verb	think	hunahuna	reviewed
body	foot	tiil	dictionary
society	game; play	dula	dictionary
verb	fall	hulog	dictionary
color	color	kolor	dictionary
measure	kilogram	kilo	accepted
food	chicken	manok	dictionary
verb	listen	paminaw	dictionary
art	song; sing	kanta	dictionary
verb	cut	putol	dictionary
color	black	itom	dictionary
nature	nature	kinaiyahan	accepted
verb	stand	barog	dictionary
beverage	drink; beverage	ilimnon	dictionary
direction	south	habagatan	dictionary
measure	date	petsa	dictionary
nature	mountain	bukid	dictionary
verb	cry	hilak	dictionary
location	bar	bar	accepted
society	prison	prisohan	dictionary
nature	heat	kainit	accepted
adjective	heavy	bug-at	dictionary
color	white	puti	dictionary
art	band	banda	accepted
society	God	Diyos	dictionary
adjective	dirty	hugaw	dictionary
verb	pray	ampo	dictionary
food	knife	kutsilyo	dictionary
body	mouth	baba	dictionary
food	oil	lana	dictionary
direction	top; above	ibabaw	dictionary
food	meat	karne	accepted
adjective	cheap	barato	dictionary
job	priest	pari	dictionary
location	bank	bangko	dictionary
body	voice; sound	tingog	accepted
home	dream	damgo	dictionary
nature	world	kalibotan	dictionary
people	grandmother	lola	dictionary
nature	beach	baybayon	reviewed
body	brain	utok	dictionary
nature	river	suba	dictionary
direction	direction	direksyon	accepted
transportation	truck	trak	dictionary
adjective	deep	lawom	dictionary
verb	hit; beat	bunal	dictionary
location	bridge	taytayan	dictionary
home	book	libro	dictionary
direction	north	amihanan	dictionary
society	war	gubat	dictionary
direction	straight ahead	deretso	dictionary
number	thousand	libo	dictionary
society	technology	teknolohiya	dictionary
verb	cook	luto	dictionary
home	door	pultahan	dictionary
body	skin	panit	dictionary
transportation	tire	ligid	dictionary
verb	hang	bitay	dictionary
electronics	television	telebisyon	dictionary
location	room	kwarto	accepted
clothing	pocket	bulsa	dictionary
body	arm	bukton	dictionary
verb	close	sira	dictionary
body	shoulder	abaga	dictionary
job	actor	aktor	accepted
people	grandfather	lolo	dictionary
adjective	wide	lapad	dictionary
measure	weight	gibug-aton	accepted
animal	animal	hayop	dictionary
adjective	healthy	himsog	accepted
society	race (contest)	lumba	dictionary
adjective	thick	baga	dictionary
people	king	hari	dictionary
verb	mix	sagol	dictionary
adjective	kind; nice	buotan	dictionary
verb	jump	ambak	dictionary
adjective	quiet	hilom	dictionary
animal	cow	baka	dictionary
adjective	cold	bugnaw	dictionary
transportation	gasoline	gasolina	dictionary
verb	break	buak	dictionary
measure	corner	eskina	dictionary
transportation	car	awto	dictionary
nature	leaf	dahon	dictionary
home	telephone	telepono	dictionary
body	hair	buhok	dictionary
location	university	unibersidad	dictionary
nature	flower	bulak	dictionary
material	gold	bulawan	dictionary
transportation	engine	makina	dictionary
verb	fly	lupad	dictionary
society	religion	relihiyon	accepted
home	table	lamesa	dictionary
society	sky; heaven	langit	dictionary
verb	laugh	katawa	dictionary
color	red	pula	dictionary
adjective	short	mubo	reviewed
verb	pull	bira	dictionary
adjective	bright	hayag	dictionary
verb	taste	tilaw	dictionary
clothing	clothes; shirt	sinina	dictionary
home	roof	atop	dictionary
adjective	hard	gahi	dictionary
people	baby	masuso	reviewed
adjective	weak	luya	dictionary
body	tooth	ngipon	dictionary
adjective	noisy; loud	saba	accepted
time	minute	minuto	dictionary
adjective	loose	luag	dictionary
verb	lie down	higda	dictionary
body	tear (drop)	luha	dictionary
adjective	dark	ngitngit	dictionary
food	banana	saging	dictionary
clothing	shoes	sapatos	dictionary
beverage	milk	gatas	dictionary
food	bottle	botelya	dictionary
home	window	bintana	dictionary
number	hundred	gatos	dictionary
home	gift	regalo	dictionary
verb	smile	pahiyom	dictionary
home	kitchen	kusina	variant
verb	turn	liko	dictionary
adjective	flat	patag	accepted
verb	dance	sayaw	dictionary
food	egg	itlog	dictionary
body	knee	tuhod	dictionary
misc	light	kahayag	dictionary
verb	wash	hugas	dictionary
animal	cat	iring	dictionary
food	corn	mais	dictionary
beverage	coffee	kape	dictionary
body	bone	bukog	dictionary
animal	bird	langgam	dictionary
verb	feed	pakaon	accepted
location	airport	tugpahanan	dictionary
food	salt	asin	dictionary
electronics	cell phone	selpon	dictionary
adjective	old (person)	tigulang	dictionary
food	cooked rice	kan-on	dictionary
adjective	strong	kusgan	dictionary
season	dry season; summer	ting-init	dictionary
nature	wave	balod	dictionary
verb	touch	hikap	dictionary
material	mud; clay	lapok	dictionary
adjective	rich	dato	reviewed
society	exercise	ehersisyo	dictionary
adjective	bad	daotan	dictionary
body	nose	ilong	dictionary
measure	pound	libra	accepted
food	lunch	paniudto	dictionary
nature	forest	lasang	dictionary
verb	kiss	halok	dictionary
adjective	dry	uga	dictionary
verb	swim	langoy	dictionary
location	farm; field	uma	dictionary
food	dinner	panihapon	dictionary
body	ear	dunggan	variant
society	ball	bola	dictionary
nature	hill	bungtod	dictionary
home	soap	sabon	dictionary
measure	temperature	temperatura	accepted
color	yellow	dalag	dictionary
nature	island	pulo	dictionary
home	tool	himan	dictionary
verb	lift	alsa	dictionary
art	music	musika	accepted
beverage	wine	bino	accepted
nature	grass	sagbot	dictionary
misc	yes	oo	dictionary
material	plastic	plastik	accepted
home	bathroom	banyo	dictionary
animal	wing	pako	dictionary
home	ceiling	kisame	variant
misc	hole	lungag	dictionary
home	key	yawe	variant
art	musical instrument	instrumento	accepted
nature	root	gamot	dictionary
direction	west	kasadpan	dictionary
body	tongue	dila	dictionary
misc	map	mapa	dictionary
food	breakfast	pamahaw	dictionary
body	lip	ngabil	dictionary
society	poison	hilo	dictionary
food	seed	liso	dictionary
direction	east	sidlakan	dictionary
adjective	light (weight)	gaan	dictionary
transportation	bicycle	bisikleta	dictionary
adjective	blind	buta	accepted
transportation	ticket	tiket	dictionary
home	box	kahon	dictionary
adjective	shallow	mabaw	dictionary
home	bed	katre	dictionary
animal	horse	kabayo	dictionary
home	photograph	litrato	dictionary
material	dust	abog	dictionary
home	floor	salog	dictionary
measure	square	kwadrado	accepted
home	yard	nataran	accepted
day	Wednesday	Miyerkoles	dictionary
people	crowd	panon	dictionary
time	second	segundo	dictionary
people	queen	reyna	accepted
nature	lake	linaw	dictionary
location	park	parke	accepted
society	dollar	dolyar	accepted
material	drinking glass	baso	accepted
food	sugar	asukar	dictionary
home	wall	bungbong	dictionary
adjective	soft	humok	dictionary
verb	dig	kalot	dictionary
adjective	thin	nipis	dictionary
animal	mouse	ilaga	dictionary
art	movie	sine	dictionary
material	metal	metal	accepted
verb	smell	simhot	dictionary
home	page	panid	dictionary
verb	shake	uyog	dictionary
body	sweat	singot	dictionary
home	chair	lingkoranan	dictionary
adjective	deaf	bungol	dictionary
location	restaurant	restawran	accepted
food	plate	plato	usage
nature	sand	balas	dictionary
job	author; writer	magsusulat	dictionary
measure	inch	pulgada	dictionary
food	spoon	kutsara	dictionary
clothing	hat	kalo	dictionary
food	cup	tasa	dictionary
people	player	magdudula	dictionary
home	garden	tanaman	dictionary
transportation	train	tren	dictionary
location	outer space	kawanangan	dictionary
food	soup	sabaw	dictionary
measure	circle	lingin	dictionary
art	art	arte	accepted
verb	melt	tunaw	dictionary
adjective	sad	masulub-on	accepted
transportation	plane	ayroplano	reviewed
clothing	pants	karsones	dictionary
home	ring	singsing	dictionary
misc	piece	piraso	accepted
color	green	berde	dictionary
society	marriage	kaminyoon	dictionary
job	secretary	sekretarya	accepted
society	magazine	magasin	dictionary
nature	star	bituon	dictionary
home	needle	dagom	dictionary
body	leg	bitiis	dictionary
electronics	lamp	lampara	accepted
adjective	ugly	pangit	accepted
home	lock	kandado	accepted
measure	edge	ngilit	accepted
location	building	bilding	accepted
society	science	siyensya	accepted
home	pencil	lapis	dictionary
location	theater	teatro	accepted
clothing	skirt	sayal	variant
food	fork	tinidor	dictionary
home	paint	pintura	accepted
society	hell	impyerno	dictionary
adjective	narrow	pig-ot	dictionary
society	sign	karatula	accepted
color	blue	asul	dictionary
food	apple	mansanas	dictionary
beverage	tea	tsa	dictionary
home	pen	bolpen	dictionary
electronics	clock	orasan	accepted
verb	push	tulod	dictionary
transportation	boat	baroto	accepted
clothing	stain	mansa	dictionary
job	manager	manedyer	reviewed
body	beard	bungot	reviewed
electronics	camera	kamera	accepted
season	cold season; winter	tingtugnaw	dictionary
adjective	famous	bantogan	reviewed
electronics	computer	kompyuter	dictionary
misc	dot	tuldok	accepted
number	twenty	kawhaan	variant
nature	ice	yelo	accepted
beverage	beer	serbesa	dictionary
food	lemon	limon	accepted
location	library	librarya	accepted
clothing	dress	bestida	accepted
color	orange	kahel	accepted
clothing	T-shirt	kamiseta	accepted
color	gray	abuhon	accepted
clothing	jacket; coat	dyaket	accepted
job	waiter	weyter	dictionary
society	sport	isport	accepted
food	cheese	keso	dictionary
electronics	electric fan	bentilador	dictionary
food	cake	keyk	dictionary
nature	snow	niyebe	dictionary
material	diamond	diyamante	dictionary
nature	valley	walog	dictionary
material	copper	tumbaga	accepted
number	thirty	katloan	dictionary
material	silver	pilak	dictionary
number	forty	kap-atan	dictionary
verb	draw	drowing	accepted
number	fifty	kalim-an	dictionary
number	sixty	kan-uman	accepted
number	seventy	kapitoan	dictionary
number	eighty	kawaloan	dictionary
number	ninety	kasiyaman	dictionary
