# Cebuano next words (tunatale-u8nz.6): frequent roots after the 625 list, most frequent first.
# Generated by scripts/build_cebuano_next_words.py from cebuano_frequency.tsv.gz. Do not edit by hand:
# decisions go in next_words_review.tsv. unconfirmed = proposed, NOT minted.
#rank_offset=1000
category	english	cebuano	status	dictionary_gloss
adv	now	karon	reviewed	now
noun	village district	barangay	reviewed	the smallest local government unit in the Philippines, a subdivision of a city or municipality
adv	after	human	reviewed	after
adv	there (near you)	diha	reviewed	there
adj	mayor	mayor	reviewed	major
noun	city	dakbayan	reviewed	city
noun	give	hatag	reviewed	something given
adv	where	diin	reviewed	where (past; used to audit historical coordinates or origins).
noun	case (lawsuit)	kaso	reviewed	case (actual event, situation or fact)
adj	many	daghan	reviewed	plenty
verb	make	himo	reviewed	to make, construct, manufacture
noun	suspect	suspek	reviewed	suspect
adv	o'clock	alas	reviewed	o'clock
adv	over there	didto	reviewed	there
adj	like, same as	sama	reviewed	like
adj	need	kinahanglan	reviewed	necessary
noun	use	gamit	reviewed	tool
verb	reveal	butyag	reviewed	to disclose; to reveal
noun	arrive	abot	reviewed	a harvest; the yield of harvesting
noun	cause	hinungdan	reviewed	cause
verb	take	kuha	reviewed	to get; to take
adv	very	kaayo	reviewed	very; to a great extent or degree; extremely; exceedingly
noun	part	bahin	reviewed	share
adv	can, possible	mahimo	reviewed	possibly
verb	include	lakip	reviewed	to include
noun	time; weather	panahon	reviewed	weather
noun	child (son or daughter)	anak	reviewed	one's offspring, children; daughter, son
noun	member	sakop	unconfirmed	a member; one who officially belongs to a group
noun	people	katawhan	reviewed	people; the masses
adv	here	dinhi	reviewed	here (place near both the speaker and the listener)
noun	return	balik	reviewed	return; an act of returning
adv	yesterday	kagahapon	reviewed	yesterday
adv	immediately	dayon	reviewed	immediately, at once
noun	start	sugod	reviewed	the beginning or start
adj	former	kanhi	reviewed	former, last, previous
noun	life	kinabuhi	reviewed	life; existence
noun	thing	butang	reviewed	that which is considered to exist as a separate entity, object, quality or concept
adv	later	unya	reviewed	later
adj	enough	igo	reviewed	sufficient, enough
noun	government	kagamhanan	reviewed	the government; the body with the power to make and/or enforce laws to control a country, land area, people or organization
noun	companion	kauban	reviewed	companion; colleague; coworker
noun	problem	problema	reviewed	a problem; a difficulty that has to be resolved or dealt with
noun	program	programa	reviewed	program
noun	office	buhatan	reviewed	office; a place of business or administration
noun	chance, opportunity	higayon	reviewed	opportunity; chance
noun	investigation	imbestigasyon	reviewed	investigation; probe
verb	die	matay	reviewed	to die
verb	quick	dali	reviewed	to hurry up, to be in a hurry; to fasten
noun	motorcycle	motorsiklo	reviewed	motorcycle
adj	ready	andam	reviewed	equipped, prepared, ready
adv	why	ngano	reviewed	why
adj	sudden	kalit	reviewed	sudden
adv	currently	kasamtangan	reviewed	currently; at present
noun	chief (police)	hepe	reviewed	a chief or head police or military officer
noun	ride	sakay	reviewed	a ride
adj	clear	klaro	reviewed	free of ambiguity or doubt; clear
adj	vertical	pasaka	unconfirmed	vertical; standing, pointing, or moving straight up or down; along the direction of a plumb line; perpendicular to something horizontal
adj	whole	tibuok	reviewed	whole; entire
noun	plan	plano	reviewed	plan; intention
noun	weapon	armas	reviewed	a weapon
adv	true	tinuod	reviewed	indeed
noun	law	balaod	reviewed	law (body of rules established in a community by its authorities)
adj	take long	dugay	reviewed	taking a long time
noun	suspect	suspetsado	reviewed	a suspect
noun	province	lalawigan	reviewed	province
noun	answer	tubag	reviewed	an answer
adv	always	kanunay	reviewed	always; all the time; constantly
noun	amount	kantidad	reviewed	an amount; a quantity
noun	hospital	hospital	reviewed	a hospital
noun	zone (neighborhood)	purok	reviewed	a district; a sector; a zone
adj	want; mean	buot	reviewed	airless; without ventilation or fresh air
noun	police	kapolisan	reviewed	the police force
noun	request	hangyo	reviewed	a request; an appeal; a plea
noun	do	buhat	reviewed	something made
noun	councilor	konsehal	reviewed	councilor; alderman
noun	help	tabang	reviewed	help; aid; assistance
noun	report	taho	reviewed	account, report
adj	safe	luwas	reviewed	safe; free from harm or risk
adj	free (no charge)	libre	reviewed	without charge; free, gratis
noun	reason	rason	reviewed	reason; reasoning
adj	inferior in quality	bati	unconfirmed	inferior in quality
noun	title of respect for a female teacher	ana	unconfirmed	a title of respect for a female teacher; ma'am
verb	climb	saka	unconfirmed	to climb
adj	utmost	tuman	unconfirmed	utmost; extreme
adv	consequently	busa	unconfirmed	consequently; hence; as a result; therefore, for this reason; ergo
verb	examine	susi	unconfirmed	to examine; to inspect
adv	alike	susama	unconfirmed	alike
noun	guard	bantay	unconfirmed	guard; sentinel; watchman
adv	can, allowed	pwede	reviewed	maybe
noun	sum	kabat	unconfirmed	the sum; a quantity obtained by addition or aggregation
noun	issue	isyu	unconfirmed	issue (instalment of a publication)
noun	driver	drayber	unconfirmed	a driver (a person who drives a motorized vehicle)
noun	member	miyembro	unconfirmed	member
noun	alias	alyas	unconfirmed	an alias; another name; an assumed name
noun	condition	kahimtang	unconfirmed	a condition, a state, a status
noun	string of a kite	tugot	unconfirmed	the string of a kite
verb	urge	awhag	unconfirmed	to urge
verb	involve	lambigit	unconfirmed	to involve, to relate
noun	passenger	pasahero	unconfirmed	a passenger
noun	clinic	tambalanan	unconfirmed	a clinic
adj	difficult	lisod	reviewed	difficult; hard
noun	finish, end	tapos	reviewed	the last day of the novena for a dead person
noun	choose	pili	reviewed	pili tree (Canarium ovatum)
noun	province	probinsiya	reviewed	province
adj	upcoming	umaabot	reviewed	future; forthcoming; upcoming; approaching
noun	step (a measure taken)	lakang	reviewed	step; pace
adv	downwards	paubos	unconfirmed	downwards
noun	visitor; visit	bisita	reviewed	guest; visitor
adv	immediately	gilayon	reviewed	immediately
noun	publish, print	patik	reviewed	a tattoo; an image made in the skin with ink and a needle
adj	experience (undergo)	sinati	reviewed	acquainted; familiar
noun	account, statement	saysay	reviewed	a record of events; recital of transactions; a relation or narrative; a report; a description; an account
adj	exceed; violate	lapas	reviewed	past (having already happened)
adj	personal	personal	reviewed	personal (of or pertaining to a particular person; relating to, or affecting, an individual, or each of many individuals; peculiar or proper to private concerns; not public or general)
noun	fund	pundo	reviewed	fund, funding
verb	create	mugna	reviewed	to create
adj	be located	himutang	reviewed	orderly, tidy
adj	private	pribado	reviewed	personal; concerning only to a person or a specific group; private;
noun	resident	molupyo	reviewed	a resident; a person, animal or plant living at a certain location or in a certain area
noun	news	balita	reviewed	news
adv	maybe	basin	reviewed	maybe
adj	complete, full	hingpit	reviewed	thorough; complete; absolute
noun	interview	interbyu	reviewed	an interview
noun	method, way	pamaagi	reviewed	system
noun	school	tunghaan	reviewed	a school
verb	attend	tambong	reviewed	to attend
noun	boyfriend, girlfriend	uyab	reviewed	boyfriend; girlfriend; lover
noun	trip, travel	biyahe	reviewed	a journey; a travel; a trip
noun	employee	empleyado	reviewed	a male employee
verb	manage	dumala	reviewed	to administer; to manage
noun	dawn, early morning	kaadlawon	reviewed	dawn
noun	council	konseho	reviewed	council
noun	way, means	paagi	reviewed	method; system; means
noun	owner	tag-iya	reviewed	an owner
noun	provincial capitol	kapitolyo	reviewed	capitol
verb	trust, rely on	salig	reviewed	to rely
verb	go home, return	uli	reviewed	to return
noun	typhoon, storm	bagyo	reviewed	tropical cyclone; typhoon; storm
noun	town center	poblacion	reviewed	a poblacion
adj	early	sayo	reviewed	early
noun	vaccine	bakuna	reviewed	vaccine; vaccination
noun	accept, receive	dawat	reviewed	any of several crab species:
noun	know (be aware)	sayod	reviewed	a ceremony held after the pamalaye (marriage proposal) wherein the man returns to the woman’s family to find out whether or not they accept the proposal, by which all formal agreements and terms are stated, and the couple is officially engaged.
adj	correct, right	sakto	reviewed	correct
noun	act, move	lihok	reviewed	a behavior
noun	name	pangalan	reviewed	name
noun	student	tinun-an	reviewed	a student; a pupil
noun	garbage	basura	reviewed	garbage; useless or disposable material; waste material of any kind
noun	streets, roads	kadalanan	reviewed	streets or paths; all the roads; in the world, in a city, or town
noun	act of jutting out higher than something	labaw	unconfirmed	act of jutting out higher than something; stick out farther from the margin or limit
adj	affected	apektado	reviewed	affected
verb	flee, escape	sibat	reviewed	to sneak out
noun	value, worth	balor	reviewed	a value; the quality (positive or negative) that renders something desirable or valuable
noun	situation	sitwasyon	reviewed	situation
noun	decision	desisyon	reviewed	decision
noun	threat	hulga	reviewed	a threat
verb	avoid	likay	reviewed	to avoid by moving suddenly out of the way; to dodge
verb	reach, achieve	kab-ot	reviewed	to reach; to extend, stretch, or thrust out (for example a limb or object held in the hand)
noun	promise	saad	reviewed	promise; vow
noun	traffic	trapiko	reviewed	traffic (pedestrians or vehicles on roads)
noun	father	papa	unconfirmed	a father; a (generally human) male who begets a child
noun	activity, event	kalihokan	reviewed	an action; something done so as to accomplish a purpose
noun	motive	motibo	reviewed	a motive
adj	easy	sayon	reviewed	easy, simple, effortless
noun	economy	ekonomiya	reviewed	an economy
noun	right (entitlement)	katungod	reviewed	a right; a legal or moral entitlement
noun	effort	paningkamot	reviewed	endeavor
adv	usually	sagad	reviewed	commonly; usually
noun	farmer	mag-uuma	reviewed	a farmer
adj	solve	sulbad	reviewed	solved
noun	congressman, representative	kongresista	reviewed	congressman; congresswoman; representative
adv	here	diri	reviewed	here (place closer to speaker than listener)
noun	question	pangutana	reviewed	a question
adv	under, beneath	ilawom	reviewed	beneath
noun	advice	tambag	reviewed	an advice
noun	surroundings	palibot	reviewed	surroundings
noun	personnel, staff	personahe	reviewed	a character; a being in a story
noun	mall	mall	reviewed	mall; shopping center
verb	seize, confiscate	sakmit	reviewed	to confiscate; to nab
noun	witness	saksi	reviewed	witness
noun	rebel	rebelde	reviewed	rebel
verb	challenge	hagit	reviewed	to dare; to defy or challenge (someone to do something)
noun	ordinance	ordinansa	reviewed	ordinance
noun	health	panglawas	unconfirmed	health
noun	one's proper place under the sun	luna	unconfirmed	one's proper place under the sun
noun	employee	trabahante	unconfirmed	an employee; especially one who does manual labor
noun	island	isla	unconfirmed	island; isle
adj	according to	suma	unconfirmed	according to
verb	understand	sabot	unconfirmed	to understand
verb	slow down	menor	unconfirmed	to slow down
adv	indeed	tuod	unconfirmed	indeed
verb	hand over	tunol	unconfirmed	to hand over; to relinquish control or possession of something to someone
noun	baton	baton	unconfirmed	baton (staff or truncheon)
noun	motor	motor	unconfirmed	motor; engine
adj	incomplete	kuwang	unconfirmed	incomplete
noun	that which is right	dapat	unconfirmed	that which is right; that which is proper
noun	message	mensahe	unconfirmed	message
adj	individual	indibidwal	unconfirmed	individual; relating to a single person or thing as opposed to more than one
noun	wound	tuyo	unconfirmed	wound (inflicted during a contest)
adv	o'clock	ala	unconfirmed	o'clock
adj	other	lahi	unconfirmed	other, another
adj	native	lumad	unconfirmed	native
adv	maybe	seguro	unconfirmed	maybe; probably; possibly; perhaps
verb	recover	rekober	unconfirmed	to recover; to get back, regain (a physical thing lost etc.)
noun	hour	takna	unconfirmed	an hour; a time period of sixty minutes; one twenty-fourth of a day
noun	name	ngalan	unconfirmed	name
adj	full	puno	unconfirmed	full
adj	broken	guba	unconfirmed	broken
noun	election	piniliay	unconfirmed	an election; a process of choosing a leader, members of parliament, councillors, or other representatives by popular vote
adj	temporary	temporaryo	unconfirmed	temporary; not permanent
verb	declare	deklarar	unconfirmed	to declare
adj	drunk	hubog	unconfirmed	drunk; intoxicated
adj	strong and resilient	lig-on	unconfirmed	strong and resilient; sturdy; tough
noun	Saipan mango	wani	unconfirmed	the Saipan mango (Mangifera odorata)
noun	community	komunidad	unconfirmed	community
noun	earthquake	linog	unconfirmed	earthquake
noun	aunt	tita	unconfirmed	an aunt; the sister of either parent
adj	foreign	langyaw	unconfirmed	foreign
noun	accident	aksidente	unconfirmed	accident, mishap
noun	narra tree	naga	unconfirmed	the narra tree (Pterocarpus indicus)
noun	terminus	terminal	unconfirmed	a terminus
adj	methodical and systematic	hapsay	unconfirmed	methodical and systematic
verb	collide	bangga	unconfirmed	to collide; to knock against with; to crash
adj	wrong	sayop	unconfirmed	wrong
noun	log	batang	unconfirmed	log
noun	obstruction	babag	unconfirmed	an obstruction; something which obstructs or impedes, either intentionally or unintentionally
verb	accede	uyon	unconfirmed	to accede
adj	Deprecated	dautan	unconfirmed	Deprecated, pre-2014 spelling of daotan.
adj	happy	lipay	unconfirmed	happy
noun	list	listahan	unconfirmed	list
adj	scary	hadlok	unconfirmed	scary
noun	robbery	tulis	unconfirmed	robbery
adj	passed	pasar	unconfirmed	passed
noun	rice wine	basi	unconfirmed	rice wine
noun	belief	pagtuo	unconfirmed	belief; faith
noun	member of one's immediate family	kabanay	unconfirmed	a member of one's immediate family
adj	having a complexion that is tanned or a shade darker than most Filipinos	moreno	unconfirmed	having a complexion that is tanned or a shade darker than most Filipinos
noun	quantity counted	gidaghanon	unconfirmed	a quantity counted; count; number; sum
noun	uncertainty	duda	unconfirmed	an uncertainty; doubt; disbelief
noun	zenith	tutok	unconfirmed	the zenith
noun	dread	kahadlok	unconfirmed	dread, fear, fright
noun	subtraction	pagkuha	unconfirmed	subtraction; the process of subtracting numbers
noun	word	pulong	unconfirmed	word
verb	admire	dayeg	unconfirmed	to admire; to commend; praise
noun	accusation	pasangil	unconfirmed	accusation, blame, charge, imputation
noun	kind	matang	unconfirmed	a kind, a sort; a type, race or category
verb	participate	salmot	unconfirmed	to participate
adj	knows something or someone	kaila	unconfirmed	knows something or someone
noun	money	kuwarta	unconfirmed	money
adv	almost	hapit	unconfirmed	almost (very close to)
adj	calm	malinawon	unconfirmed	calm; peaceful; serene
adv	perhaps	tingali	unconfirmed	perhaps, maybe
noun	happiness	kalipay	unconfirmed	happiness
noun	pawnshop	ahensiya	unconfirmed	pawnshop; pawnbroker
noun	activity	aktibidad	unconfirmed	an activity; something done as an action or a movement
noun	maiden	dalaga	unconfirmed	maiden; unmarried lady; female teenager
noun	leader	lider	unconfirmed	a leader
adj	equal	pareho	unconfirmed	equal; identical; similar; uniform
noun	flood	baha	unconfirmed	flood
noun	Christmas	pasko	unconfirmed	Christmas; a festival, commemorating the birth of Jesus Christ and incorporating various Christian, pre-Christian and secular customs, which is celebrated on December 25 in most places
noun	lead character	nagdala	unconfirmed	the lead character; the main protagonist in a work
noun	couple	magtiayon	unconfirmed	a couple; especially a married couple
noun	spokesperson	tigpamaba	unconfirmed	spokesperson
adj	sickly	daot	unconfirmed	sickly, malnourished
noun	congressional district	distrito	unconfirmed	a congressional district
verb	fail	pakyas	unconfirmed	to fail
noun	visit	pagbisita	unconfirmed	a visit; a single act of visiting
adj	powerful	gamhanan	unconfirmed	powerful
adj	opposite	pikas	unconfirmed	opposite
noun	small village or a group of houses under a barangay	sityo	unconfirmed	a small village or a group of houses under a barangay; a hamlet
noun	education	edukasyon	unconfirmed	education
verb	To suffer a miscarriage	nakuhaan	unconfirmed	To suffer a miscarriage; to experience the involuntary, premature loss of a fetus.
verb	mention	hisgot	unconfirmed	to mention
adj	wounded	samdan	unconfirmed	wounded; suffering from a wound, especially one acquired in battle from a weapon, such as a gun or a knife
noun	glue	kula	unconfirmed	glue; or any sticky adhesive substance
noun	need	panginahanglan	unconfirmed	a need; a requirement for something; something needed
adv	tomorrow	ugma	unconfirmed	tomorrow
adv	sometimes	usahay	unconfirmed	sometimes
noun	chest	dughan	unconfirmed	the chest; the breast; the thorax; the bosom
noun	small river	sapa	unconfirmed	a small river; a creek
adv	indeed	gayod	unconfirmed	indeed
noun	person that does policing and watchman duties under the barangay captain	tanod	unconfirmed	a person that does policing and watchman duties under the barangay captain, either voluntarily or compensated, but are not members of the country's police force
noun	facility  possible	pasilidad	unconfirmed	facility (the physical means or contrivances to make something (especially a public service) possible; the required equipment, infrastructure, location etc.)
verb	worsen	samot	unconfirmed	to worsen
adj	angry	suko	unconfirmed	angry; mad
noun	act of deliberate killing of another being	murder	unconfirmed	an act of deliberate killing of another being, especially a human
adj	distant	layo	unconfirmed	distant; far; remote
noun	city hall	munisipyo	unconfirmed	a city hall, a town hall, a municipal hall
noun	tourist	turista	unconfirmed	a tourist
adj	differing	managlahi	unconfirmed	differing; different from each other or from someone or something else
noun	favor	pabor	unconfirmed	favor
noun	red dragon tile	dunggab	unconfirmed	the red dragon tile
noun	government office	katungdanan	unconfirmed	government office
noun	term	termino	unconfirmed	term (word or phrase, especially one from a special used area of knowledge)
noun	politics	politika	unconfirmed	politics
noun	aid	hinabang	unconfirmed	an aid
noun	electricity	kuryente	unconfirmed	electricity
verb	like	ganahan	unconfirmed	to like; to please
verb	wait	hulat	unconfirmed	to wait
noun	pistol	pistola	unconfirmed	a pistol; a handgun
adv	barely	lugos	unconfirmed	barely
noun	funeral	lubong	unconfirmed	funeral
adj	wealthy	datu	unconfirmed	wealthy
noun	congress	kongreso	unconfirmed	congress
noun	appeal	panawagan	unconfirmed	an appeal; a call for aid, especially on radio or television
noun	motorist	motorista	unconfirmed	a motorist
noun	testing	testing	unconfirmed	a testing; the act of conducting a test
noun	prosperity	kalamboan	unconfirmed	prosperity
noun	attention	pagtagad	unconfirmed	attention; notice; recognition; the act of focusing one's mind or sight on someone or something.
adj	synonym of kaugalingon	ugaling	unconfirmed	synonym of kaugalingon
noun	mugger	tulisan	unconfirmed	mugger
verb	deliver	hatod	unconfirmed	to deliver; to bring or transport something to its destination
noun	calamity	kalamidad	unconfirmed	calamity
noun	deity	ginoo	unconfirmed	deity; god
noun	domestic partner	kapuyo	unconfirmed	a domestic partner
noun	defense	depensa	unconfirmed	defense
noun	midday	udto	unconfirmed	midday, noon; for the sun to be overhead
verb	remove	tangtang	unconfirmed	to remove
verb	thank	salamat	unconfirmed	to thank
noun	internet	internet	unconfirmed	internet
adj	last	ulahi	unconfirmed	last
noun	investigator	imbestigador	unconfirmed	an investigator
adj	person who knows something	kahibalo	unconfirmed	a person who knows something
noun	penalty	silot	unconfirmed	penalty
noun	police officer	polis	unconfirmed	a police officer; a cop
adj	wavy	kulong	unconfirmed	wavy
noun	prisoner	priso	unconfirmed	prisoner; inmate
noun	cash	salapi	unconfirmed	cash, money
noun	celebration	selebrasyon	unconfirmed	celebration
noun	room	lawak	unconfirmed	a room, a chamber
verb	go against	sukol	unconfirmed	to go against; to oppose; to resist
noun	firecracker	pabuto	unconfirmed	a firecracker
noun	going with or accompanying someone to a certain place	kuyog	unconfirmed	going with or accompanying someone to a certain place
verb	deny	himakak	unconfirmed	to deny; to assert that something is not true
noun	involvement	kalambigitan	unconfirmed	involvement
adv	until	kutob	unconfirmed	until
noun	experience	kasinatian	unconfirmed	experience
verb	replace	hulip	unconfirmed	to replace; to take the place of; to supply the want of; to fulfill the end or office of
noun	truth	kamatuoran	unconfirmed	truth; veracity
noun	forgiveness	pasaylo	unconfirmed	forgiveness
noun	ombudsman	ombudsman	unconfirmed	an ombudsman
noun	capital city	kaulohan	unconfirmed	a capital city
noun	killer	mamumuno	unconfirmed	killer; murderer
noun	resolution	resolusyon	unconfirmed	resolution (a formal statement adopted by an assembly, or during any other formal meeting)
noun	pangs of hunger	hilab	unconfirmed	pangs of hunger
noun	senate	senado	unconfirmed	senate
verb	go out	mogawas	unconfirmed	to go out
noun	terrorist	terorista	unconfirmed	a terrorist; a person, group, or organization that uses violent action, or the threat of violent action, to further political goals
adj	wasteful	kalas	unconfirmed	wasteful
adv	when	kanus-a	unconfirmed	when
noun	voter	botante	unconfirmed	a voter
verb	run into	palgan	unconfirmed	to run into; to unexpectedly encounter or meet someone or something (literally or figuratively)
noun	percent	porsiyento	unconfirmed	percent
noun	rubber band	pugong	unconfirmed	a rubber band, ribbon or hairclip used to gather and hold the hair
noun	vote	boto	unconfirmed	vote
noun	celebration	kasaulogan	unconfirmed	a celebration
adj	complete	kompleto	unconfirmed	complete
noun	whale shark	tuki	unconfirmed	a whale shark
num	one	isa	unconfirmed	one
adv	exactly	insakto	unconfirmed	exactly
adj	wanted	wanted	unconfirmed	wanted
noun	nobility	tumaw	unconfirmed	the nobility; the descendants of a datu
adj	awesome	kuyaw	unconfirmed	awesome
noun	gambling	sugal	unconfirmed	gambling
noun	houseboy	boy	unconfirmed	houseboy, errand boy
noun	stroll	suroy	unconfirmed	stroll; a ramble
noun	act of receiving	pagdawat	unconfirmed	act of receiving, accepting; acceptance
noun	theft	kawat	unconfirmed	theft
noun	gunshot wound	pinusilan	unconfirmed	a gunshot wound; a bullet wound
noun	chaos	kagubot	unconfirmed	chaos; disorder
noun	debt	utang	unconfirmed	debt
noun	mother	mama	unconfirmed	a mother; a (human) female who (a) parents a child (b) gives birth to a baby (c) donates a fertilized egg or (d) donates a body cell which has resulted in a clone
adj	wasteful	kas	unconfirmed	wasteful
adv	always	sige	unconfirmed	always
adj	having the colour of gold	gold	unconfirmed	having the colour of gold
noun	decree	kamandoan	unconfirmed	a decree
noun	film	pelikula	unconfirmed	film; movie; motion picture
noun	border	latid	unconfirmed	border; boundary
noun	journalist	tigbalita	unconfirmed	a journalist
noun	organ in animals that stores food in the process of digestion	tiyan	unconfirmed	an organ in animals that stores food in the process of digestion; the stomach
adj	ancient	karaan	unconfirmed	ancient; very old
noun	solution	solusyon	unconfirmed	solution (answer to a problem)
adj	characteristic of or resembling the Plio-Pleistocene Carcar formation	carcar	unconfirmed	characteristic of or resembling the Plio-Pleistocene Carcar formation
noun	tourism	turismo	unconfirmed	tourism
adv	apart	buwag	unconfirmed	apart; aside
verb	clean up	hipos	unconfirmed	to clean up; to collect, to gather
verb	sign  official by writing one's signature)	pirmahan	unconfirmed	to sign (make (a document) official by writing one's signature)
adj	back to back	sunod-sunod	unconfirmed	back to back
noun	kith	kaubanan	unconfirmed	kith; friendships and acquaintances
adj	famous	sikat	unconfirmed	famous, popular
noun	story	estorya	unconfirmed	story
noun	alarm	alarma	unconfirmed	alarm
noun	living room	sala	unconfirmed	living room
noun	establishment	establisemento	unconfirmed	an establishment
adj	vertical	pataas	unconfirmed	vertical; standing, pointing, or moving straight up or down; along the direction of a plumb line; perpendicular to something horizontal
adj	tight	huot	unconfirmed	tight
noun	prisoner	piniriso	unconfirmed	a prisoner; an inmate; a convict
noun	grandchild	apo	unconfirmed	grandchild
noun	basis	basehan	unconfirmed	a basis
verb	carry by hand	bitbit	unconfirmed	to carry by hand
adj	greater in number	laban	unconfirmed	greater in number, size, intensity.
adj	sole	bugtong	unconfirmed	sole; lone
verb	approbate	aprobahan	unconfirmed	to approbate
noun	person riding in the pillion	angkas	unconfirmed	the person riding in the pillion
adj	able to comprehend or understand	kasabot	unconfirmed	able to comprehend or understand
noun	title	titulo	unconfirmed	title
noun	Society	katilingban	unconfirmed	Society; community; the collective body of people living together within a shared structural framework, governed by mutual relations, institutions, and cultural systems.
noun	competition	kompetisyon	unconfirmed	competition (contest)
noun	livelihood	panginabuhian	unconfirmed	a livelihood; a person's means of supporting themselves
noun	hardship	kalisod	unconfirmed	hardship; difficulty or trouble; hard times
noun	deed	binuhatan	unconfirmed	deed, work
verb	register	rehistro	unconfirmed	to register
noun	attack	atake	unconfirmed	attack
noun	road	kalsada	unconfirmed	road; street
noun	gold-spotted spinefoot	kitang	unconfirmed	the gold-spotted spinefoot (Siganus punctatus)
verb	park	parking	unconfirmed	to park; to bring (something such as a vehicle) to a halt or store in a specified place
adv	plainly	yano	unconfirmed	plainly; in a plain manner
verb	chase	gukod	unconfirmed	to chase; to chase after
noun	young girl	inday	unconfirmed	young girl
noun	fine	multa	unconfirmed	fine (punishment)
adj	correct	husto	unconfirmed	correct
noun	prayer	pag-ampo	unconfirmed	a prayer
adj	in ordinary clothes	sibilyan	unconfirmed	in ordinary clothes (in contexts where a uniform is usually required)
adv	indeed	bitaw	unconfirmed	indeed
noun	port	pantalan	unconfirmed	port; wharf; pier; quay
noun	industry	industriya	unconfirmed	industry (enterprise or a group of businesses)
noun	salary or wage	sweldo	unconfirmed	a salary or wage
adj	close	suod	unconfirmed	close; intimate (as with friends); familiar
noun	operative	operatiba	unconfirmed	an operative; a spy, secret agent, or detective
adj	bruised	bun-og	unconfirmed	bruised
noun	freedom	kagawasan	unconfirmed	freedom; liberty
noun	allegation	alegasyon	unconfirmed	allegation
adj	sure	segurado	unconfirmed	sure; certain; positive
noun	evacuee	bakwit	unconfirmed	an evacuee
noun	beneficiary	benepisyaryo	unconfirmed	beneficiary
noun	threat	bahad	unconfirmed	a threat
noun	mutual assistance	tinabangay	unconfirmed	mutual assistance
adj	containing a greater amount of lean meat over fat	suot	unconfirmed	containing a greater amount of lean meat over fat
noun	surrender	surender	unconfirmed	surrender
noun	robber	kawatan	unconfirmed	robber; burglar; thief
verb	cut down	tigbas	unconfirmed	to cut down; to chop; to hack
noun	narrow strip of rubber	chinese	unconfirmed	a narrow strip of rubber, usually a meter long, used in various jumping games
verb	ask	kutana	unconfirmed	to ask (a question)
noun	hearing	husay	unconfirmed	a hearing
noun	act of objecting	pagsupak	unconfirmed	the act of objecting, opposing or contradicting; an objection; an opposition; a contradiction
verb	there exists	ania	unconfirmed	there exists (near both the speaker and listener)
adj	middle-aged	hamtong	unconfirmed	middle-aged, between forty and sixty years of age
verb	spread	katap	unconfirmed	to spread; to scatter; to disperse
verb	bear	antos	unconfirmed	to bear; to endure
noun	accusation	kiha	unconfirmed	an accusation
noun	cigarette	sigarilyo	unconfirmed	cigarette
noun	gang	gang	unconfirmed	gang (company of persons)
verb	imprison	balhog	unconfirmed	to imprison
noun	opponent	kaatbang	unconfirmed	an opponent
noun	black	basol	unconfirmed	black, wooly caterpillar, especially one that produces an itchy prick
adj	dangerous	delikado	unconfirmed	dangerous, risky
noun	errand	sugo	unconfirmed	errand
noun	hostile meeting	engkwentro	unconfirmed	a hostile meeting; a confrontation or skirmish; an encounter, a run-in
noun	feeling	balatian	unconfirmed	feeling; sensitivity
noun	relative	paryente	unconfirmed	relative
verb	take back	bawi	unconfirmed	to take back; to regain possession of something
noun	to batter	butangan	unconfirmed	to batter; to beat up; to maul
noun	that which is set aside	tagana	unconfirmed	that which is set aside
noun	end of a firearm opposite to that from which a bullet is fired	kulata	unconfirmed	the end of a firearm opposite to that from which a bullet is fired; the butt; the gunstock
adj	pornographic	bomba	unconfirmed	pornographic
verb	perform an action	dayong	unconfirmed	to perform an action, task, or movement in coordination with another person or group.
noun	mountains	kabukiran	unconfirmed	mountains
adj	confusing	libog	unconfirmed	confusing
noun	entertainment	kalingawan	unconfirmed	an entertainment
verb	be safe	amping	unconfirmed	to be safe; to be careful; to be wary of one's surroundings
noun	presence	presensya	unconfirmed	presence
noun	damage	danyos	unconfirmed	damage
verb	visit	duaw	unconfirmed	to visit
noun	defendant	akusado	unconfirmed	defendant; accused person
verb	wrest	ilog	unconfirmed	to wrest; to obtain by pulling or violent force
noun	base	punoan	unconfirmed	base, foot (of trees)
num	twelve	dose	unconfirmed	twelve
noun	copycat	sunodsunod	unconfirmed	a copycat
noun	advancement	kauswagan	unconfirmed	advancement; improvement
noun	velvet apple	mabolo	unconfirmed	velvet apple; velvet persimmon
adj	mountainous	bukiran	unconfirmed	mountainous
noun	any of two cyprinid fish endemic to Lake Lanao in the Philippines	tumba	unconfirmed	any of two cyprinid fish endemic to Lake Lanao in the Philippines
noun	fisherman	mananagat	unconfirmed	a fisherman
noun	bridge	tulay	unconfirmed	bridge
noun	passage	agianan	unconfirmed	a passage; a passageway
noun	advisory	pahimangno	unconfirmed	an advisory
verb	witness	saksihan	unconfirmed	to witness
verb	spread	kuyanap	unconfirmed	to spread; to scatter; to disperse
verb	buy	mopalit	unconfirmed	to buy
noun	lease	abang	unconfirmed	a lease
verb	collect	kolekta	unconfirmed	to collect
verb	befall	dangat	unconfirmed	to befall; to happen to
noun	power	gahom	unconfirmed	power; authority; might
noun	capacity	kapasidad	unconfirmed	capacity
noun	risk	risgo	unconfirmed	risk
verb	worry	guol	unconfirmed	to worry
noun	bang	bang	unconfirmed	bang (the sound of an explosion or a gun)
noun	supply	suplay	unconfirmed	a supply
noun	bath	ligo	unconfirmed	a bath
verb	plan	laraw	unconfirmed	plan; devise; scheme
noun	customer	kustomer	unconfirmed	customer
adv	across	tabok	unconfirmed	across; on the other side
verb	stab using a knife	luba	unconfirmed	to stab using a knife, icepick, etc.
noun	judgment	hukom	unconfirmed	judgment
noun	anger	kasuko	unconfirmed	anger
noun	exit	lusot	unconfirmed	an exit; a way out
noun	manners	batasan	unconfirmed	manners; etiquette
noun	improvement	uswag	unconfirmed	improvement
noun	apas palm	apas	unconfirmed	the apas palm (Calamus reyesianus)
noun	nuisance	samok	unconfirmed	a nuisance
noun	tribute	buhis	unconfirmed	a tribute
noun	ricefield	basak	unconfirmed	ricefield; field of wet-cultivated rice
adj	good-looking	kapa	unconfirmed	good-looking, cool
noun	continuation	pagpadayon	unconfirmed	a continuation; the act or state of continuing or being continued
verb	remember	hinumdom	unconfirmed	to remember
verb	implement	implementar	unconfirmed	to implement
adj	closed	sirado	unconfirmed	closed; shut
noun	ability	abilidad	unconfirmed	ability; capability
num	billion	bilyon	unconfirmed	billion; thousand million
noun	discipline	disiplina	unconfirmed	discipline
verb	go there	anha	unconfirmed	to go there (to a place near the listener)
adv	last night	kagabii	unconfirmed	last night
adj	cluttered	katag	unconfirmed	cluttered
adj	sad	subo	unconfirmed	sad
noun	quality	kalidad	unconfirmed	quality
noun	boxer	boksidor	unconfirmed	a boxer; a participant (fighter) in a boxing match
verb	investigate	imbestigar	unconfirmed	to investigate
adj	junior	manghod	unconfirmed	junior; younger
noun	cousin	ig-agaw	unconfirmed	cousin (of any degrees of cousinhood)
adj	fake	peke	unconfirmed	fake; counterfeit; fraudulent
noun	capital	puhunan	unconfirmed	capital
noun	pomegranate	granada	unconfirmed	pomegranate (Punica granatum)
adv	one of each	tagsa	unconfirmed	one of each
verb	debate	lalis	unconfirmed	to debate, disagree, or discuss opposing or differing viewpoints
noun	convention	tigom	unconfirmed	a convention
verb	thwart	pakgang	unconfirmed	to thwart; to prevent; to halt; to cause to fail; to foil; to frustrate
verb	give a name to	nganlan	unconfirmed	to give a name to
noun	food offering to spirits or one's ancestors	dagit	unconfirmed	a food offering to spirits or one's ancestors
noun	bout	hugna	unconfirmed	a bout
noun	hopbush	takod	unconfirmed	the hopbush (Dodonaea viscosa)
adj	happening once every year	tinuig	unconfirmed	happening once every year
noun	humanhood	pagkatawo	unconfirmed	humanhood, state of being human
noun	Garuga floribunda	bogo	unconfirmed	Garuga floribunda; a large deciduous tree often cultivated as a shade tree
noun	vote	botar	unconfirmed	vote
verb	confiscate	kumpiska	unconfirmed	to confiscate
adj	delicious	lami	unconfirmed	delicious; tasty
noun	herder	pastor	unconfirmed	herder
noun	hectare	ektarya	unconfirmed	hectare
noun	school	kolehiyo	unconfirmed	school, especially an elementary school, during the Spanish colonial era
adj	pink	rosa	unconfirmed	pink (color/colour)
noun	armed forces	kasundalohan	unconfirmed	armed forces
noun	sack	sako	unconfirmed	sack
adj	diverse	lainlain	unconfirmed	diverse, various, assorted
noun	yesterday	gahapon	unconfirmed	yesterday; the day immediately before today; one day ago
noun	holding	kabtangan	unconfirmed	holding
noun	election	piliay	unconfirmed	election, polls
verb	recommend	rekomendar	unconfirmed	to recommend
noun	cemetery	sementeryo	unconfirmed	cemetery; graveyard
verb	suppress	sumpo	unconfirmed	to suppress; to put an end to, especially with force, to crush, do away with; to prohibit, subdue
adv	ahead	ayha	unconfirmed	ahead; before
noun	measuring rod	batakan	unconfirmed	measuring rod; ruler
noun	germ	kagaw	unconfirmed	germ; microbe
noun	bail	piyansa	unconfirmed	bail
noun	opposite	atbang	unconfirmed	opposite; locate directly across from something else, or from each other
noun	list	lista	unconfirmed	a list
noun	trade	patigayon	unconfirmed	trade; commerce
verb	get up	bangon	unconfirmed	to get up
noun	installment	data	unconfirmed	installment, partial payment
adj	financial	pinansyal	unconfirmed	financial (related to finances)
adj	having a know-how	kamao	unconfirmed	having a know-how; skilled, talented, clever
adj	pregnant	mabdos	unconfirmed	pregnant
noun	living	pagpuyo	unconfirmed	living; a style of life
verb	appear	tungha	unconfirmed	to appear
noun	detail	detalye	unconfirmed	detail
adj	stern	estrikto	unconfirmed	stern; strict
adj	determined	naningkamot	unconfirmed	determined
noun	transaction	transaksyon	unconfirmed	a transaction
noun	defeat	kapildihan	unconfirmed	a defeat; the act or instance of being defeated, of being overcome or vanquished; a loss
noun	cooperation	kooperasyon	unconfirmed	cooperation
noun	barred garfish	sasa	unconfirmed	the barred garfish (Hemiramphus far)
adj	bothersome	hasol	unconfirmed	bothersome
noun	valuation	banabana	unconfirmed	a valuation
verb	bring	dad-on	unconfirmed	to bring; to carry
noun	future	kaugmaon	unconfirmed	future
verb	pity	luoy	unconfirmed	to pity
verb	expect	dahom	unconfirmed	to expect
adv	fourth time	ikaupat	unconfirmed	fourth time
adj	transparent in colour	tin-aw	unconfirmed	transparent in colour
adv	apart	bulag	unconfirmed	apart; aside
verb	float	lutaw	unconfirmed	to float, to cause something to be suspended in a liquid of greater density
noun	marker	timailhan	unconfirmed	a marker
verb	embrace	hangop	unconfirmed	to embrace; to clasp (someone or each other) in the arms with affection; to take in the arms; to hug
noun	height	gitas-on	unconfirmed	height
noun	dreams	pangandoy	unconfirmed	dreams; aspirations
noun	night	kagabhion	unconfirmed	night, nighttime
verb	elude	ikyas	unconfirmed	to elude; to evade
noun	running	pagdagan	unconfirmed	running; the activity of running as a form of exercise, as a sport, or for any other reason
verb	come	anhi	unconfirmed	to come; to go here (to a place near the speaker)
noun	record	rekord	unconfirmed	record (an item of information put into a temporary or permanent physical medium)
noun	interest	interes	unconfirmed	interest (attention given to something)
noun	actress	aktres	unconfirmed	an actress; a female who performs on stage and film
adj	able to cut easily	hait	unconfirmed	able to cut easily, sharp, razor-sharp
verb	admonish	badlong	unconfirmed	to admonish; to reprove
noun	attachment	sumpay	unconfirmed	attachment, connection
noun	disaster	katalagman	unconfirmed	a disaster; a calamity; a catastrophe
noun	deer	binaw	unconfirmed	a deer
noun	extension	lugway	unconfirmed	an extension
noun	night before the day of the burial	championship	unconfirmed	the night before the day of the burial (see usage notes)
noun	garden	garden	unconfirmed	a garden
noun	teaching	pagtudlo	unconfirmed	teaching; the profession of educating people
noun	helmet	helmet	unconfirmed	a helmet; a protective head covering, usually part of armour
noun	zone	sona	unconfirmed	a zone; a given area distinguished on the basis of a particular characteristic, use, restriction, etc.
noun	salary	suweldo	unconfirmed	salary
noun	mental hospital	mental	unconfirmed	mental hospital
verb	yell	singgit	unconfirmed	to yell
adj	older	maguwang	unconfirmed	older, elder
verb	regret	mahay	unconfirmed	to regret
verb	burn down	ugdaw	unconfirmed	to burn down
noun	edifice	edipisyo	unconfirmed	an edifice; a building; a structure; an architectural fabric, especially an imposing one; a large or fine building, public or private
noun	attitude	kinaiya	unconfirmed	an attitude; disposition or state of mind
noun	favored customer	suki	unconfirmed	a favored customer, a regular who receives preferential treatment
noun	sheriff	bilanggo	unconfirmed	sheriff; constable
noun	nephew or niece	pag-umangkon	unconfirmed	a nephew or niece; the child of one's sibling or sibling-in-law
verb	put things in order	pahiluna	unconfirmed	to put things in order
noun	carpenter	panday	unconfirmed	carpenter
adj	forbidden	bawal	unconfirmed	forbidden; prohibited; proscribed; taboo
noun	beginning	sinugdanan	unconfirmed	beginning; start
verb	refuse	balibad	unconfirmed	to refuse
verb	iron out	dahil	unconfirmed	to iron out
noun	dwarf variety of coconut	dahili	unconfirmed	a dwarf variety of coconut
verb	create	gama	unconfirmed	to create, manufacture, make into something
adv	from one point to the other	lahos	unconfirmed	from one point to the other
noun	license	lisensya	unconfirmed	license; permit
adj	across	labangon	unconfirmed	across; on the opposite side of
noun	vetiver	mora	unconfirmed	vetiver (Chrysopogon zizanioides)
noun	mayor	alkalde	unconfirmed	mayor
adj	nice	anindot	unconfirmed	nice, elegant, beautiful
noun	group of friends	barkada	unconfirmed	a group of friends
noun	decade	dekada	unconfirmed	decade
adj	having a strong	baho	unconfirmed	having a strong, unpleasant smell; stinking; stinky
noun	Marie biscuit	marie	unconfirmed	a Marie biscuit
adj	ordinary	ordinaryo	unconfirmed	ordinary, mediocre
noun	young lady	dalagita	unconfirmed	young lady
adj	slanting	hilig	unconfirmed	slanting; leaning; at an angle to the horizontal; slanted or sloped; inclined
noun	male friend	amigo	unconfirmed	a male friend
noun	prison	bilanggoan	unconfirmed	prison
noun	youth	kabatan-onan	unconfirmed	youth; young persons
noun	resident	lumulupyo	unconfirmed	a resident; a person, animal or plant living at a certain location or in a certain area
noun	act of stealing	pagpangawat	unconfirmed	the act of stealing
noun	breath	ginhawa	unconfirmed	breath
verb	know	hibalo	unconfirmed	to know
adv	around	libot	unconfirmed	around
adj	veteran	beterano	unconfirmed	veteran
verb	adopt	sagop	unconfirmed	to adopt
verb	explain or describe an event in detail	batbat	unconfirmed	to explain or describe an event in detail
noun	firefighter	bombero	unconfirmed	firefighter
verb	unite	hiusa	unconfirmed	to unite
adj	nude	hubo	unconfirmed	nude, naked
adj	gently	mahinay	unconfirmed	gently
verb	How .	giunsa	unconfirmed	How (queries the exact manner, protocol, or mechanism by which a past action was completed).
noun	higher office	kadagkoan	unconfirmed	higher office
noun	anniversary	anibersaryo	unconfirmed	anniversary
noun	fruit	bunga	unconfirmed	a fruit (especially in the context of its parent tree/plant)
noun	coconut palm	lubi	unconfirmed	the coconut palm (Cocos nucifera)
noun	box-like trap woven from bamboo slats allowing entrance but no egress	bubo	unconfirmed	box-like trap woven from bamboo slats allowing entrance but no egress, used to catch fish or monkeys
noun	further away	unahan	unconfirmed	further away; a place in the distance
adv	not	aw	unconfirmed	not
noun	feast	hikay	unconfirmed	a feast; a very large meal, often of a ceremonial nature
noun	price	bili	unconfirmed	price
noun	feast day	pista	unconfirmed	feast day
noun	small bars of ivory	tugbok	unconfirmed	small bars of ivory, gold, brass or lead or a tube of tin driven across the head of the penis, often serving as an anchor of a sakra
noun	vegetable	utanon	unconfirmed	vegetable (raw, uncooked)
noun	balance	balanse	unconfirmed	balance; equilibrium
noun	income earned from selling	halin	unconfirmed	income earned from selling
adv	intensely	hugtanon	unconfirmed	intensely; in an intense manne
noun	act of giving	pagpanghatag	unconfirmed	the act of giving
noun	television show	salida	unconfirmed	a television show; a live or recorded broadcast or program, or series of broadcasts or programs, meant to be viewed on television
noun	devotee	deboto	unconfirmed	devotee
noun	opposition	oposisyon	unconfirmed	an opposition
noun	group of barangays collectively	kabarangayan	unconfirmed	a group of barangays collectively
verb	accomplish	lampos	unconfirmed	to accomplish, to finish, to succeed
num	eleven	onse	unconfirmed	eleven
noun	eating place	kan-anan	unconfirmed	an eating place; a restaurant, dining room
noun	rest	pahuway	unconfirmed	a rest; a short time for relaxing and doing something else
adj	at fault	sad-an	unconfirmed	at fault
verb	hold	gunit	unconfirmed	to hold; to clutch, to grasp
verb	catch	sapon	unconfirmed	to catch; to discover unexpectedly in the act; to unpleasantly surprise (someone doing something)
noun	beloved	hinigugma	unconfirmed	a beloved, a sweetheart; a boyfriend or girlfriend
noun	instance of going to church or attending church services	simba	unconfirmed	an instance of going to church or attending church services
noun	banging sound	tingkagol	unconfirmed	banging sound
verb	injure	sakitan	unconfirmed	to injure
verb	misconstrue	abi	unconfirmed	to misconstrue; to interpret erroneously, to understand incorrectly; to misunderstand
num	two	duruha	unconfirmed	two
noun	blotting paper	blotter	unconfirmed	blotting paper
adj	affluent	adunahan	unconfirmed	affluent; wealthy
noun	light	suga	unconfirmed	light
noun	type of bolo knife	sundang	unconfirmed	a type of bolo knife; a large, long-bladed, sharp-pointed cutting tool similar to a machete
adj	changed to a contrary or counterchanged order or direction	bali	unconfirmed	changed to a contrary or counterchanged order or direction; characterized by inversion; turned upside down; reversed; opposite; contrary
noun	face	dagway	unconfirmed	face
adj	unruly	bungkag	unconfirmed	unruly
adj	tangled	gubot	unconfirmed	tangled
noun	client	kliyente	unconfirmed	client
num	five	singko	unconfirmed	five
noun	administrator	tagdumala	unconfirmed	an administrator; a manager; a head or leader
verb	hang oneself	hikog	unconfirmed	to hang oneself
noun	plant	planta	unconfirmed	plant (factory)
verb	shake	tay-og	unconfirmed	to shake
adj	dead	anhing	unconfirmed	dead; deceased; late
adj	gay	bayot	unconfirmed	gay; homosexual
noun	co-op	kooperatiba	unconfirmed	a co-op; any shop owned by a cooperative
noun	act of sitting	paglingkod	unconfirmed	the act of sitting
noun	act of attending an academic institution	pagtungha	unconfirmed	the act of attending an academic institution
adj	baseless	pataka	unconfirmed	baseless; unfounded; unsubstantiated
adj	prostrate	buy-od	unconfirmed	prostrate; lying flat, face-downa
verb	traffic	payuhot	unconfirmed	to traffic
adj	wounded	samaran	unconfirmed	wounded; injured
adj	human	tawhanon	unconfirmed	human; characteristic of a human being
noun	suicide	naghikog	unconfirmed	a suicide; a person who has intentionally killed himself or herself
noun	requirement	rekisitos	unconfirmed	requirement; prerequisite
noun	act of verifying	pagsuta	unconfirmed	the act of verifying
adj	off	palong	unconfirmed	off
noun	infrastructure	imprastraktura	unconfirmed	infrastructure; the basic facilities, services and installations needed for the functioning of a community or society
noun	nature of a person	kinatawo	unconfirmed	nature of a person; inborn character and inherent tendencies
noun	journey	panaw	unconfirmed	a journey; a voyage
noun	Spanish joint fir	bago	unconfirmed	the Spanish joint fir, paddy oats (Gnetum gnemon)
noun	stab wound	dinunggaban	unconfirmed	a stab wound
noun	elementary school	elementarya	unconfirmed	an elementary school; a grade school
noun	fire department	kabomberohan	unconfirmed	the fire department
adj	equal	parehas	unconfirmed	equal
noun	accompaniment	duyog	unconfirmed	an accompaniment
adj	favorite	paborito	unconfirmed	favorite
noun	attendance	pagtambong	unconfirmed	attendance; the state of attending; presence
adj	fit	kaigo	unconfirmed	fit; suitable; proper
noun	story	sugilanon	unconfirmed	story
verb	slap	hapak	unconfirmed	slap
noun	Equipment	kahimanan	unconfirmed	Equipment; tools; machinery; the aggregate array of technical apparatus, instruments, or hardware required for a specific task, industry, or operational function.
noun	act of doing	pagbuhat	unconfirmed	act of doing; of making, creating
adj	recently used	ginamit	unconfirmed	recently used
noun	weapon	hinagiban	unconfirmed	a weapon (especially a bladed weapon)
noun	journey	larga	unconfirmed	a journey
noun	jeepney	dyip	unconfirmed	jeepney
verb	join	ipon	unconfirmed	to join
noun	documents	papeles	unconfirmed	documents; official documents (identification, visa, birth certificate, passport)
noun	someone or something that reports	reporter	unconfirmed	someone or something that reports
noun	faction	hugpong	unconfirmed	a faction
adj	tranquil	tinong	unconfirmed	tranquil, unbothered
noun	surname	bansagon	unconfirmed	a surname; a last name
adv	by pairs	duha-duha	unconfirmed	by pairs; two by two; two at a time
adj	left-handed	walhon	unconfirmed	left-handed
noun	motorcycle	honda	unconfirmed	motorcycle
noun	comment	komentaryo	unconfirmed	comment
noun	battle using small arms	pinusilay	unconfirmed	a battle using small arms; a gunfight; a shootout
adj	empty	basiyo	unconfirmed	empty
adv	bit by bit	ginagmay	unconfirmed	bit by bit
verb	drown	lumos	unconfirmed	to drown
noun	theatrical play	drama	unconfirmed	a theatrical play; a skit
noun	man's penis	binuhi	unconfirmed	a man's penis
noun	roseleaf bramble	daginot	unconfirmed	roseleaf bramble (Rubus rosifolius)
adv	fifth time	ikalima	unconfirmed	fifth time
noun	enemy	kaaway	unconfirmed	enemy; foe
noun	secretary	kalihim	unconfirmed	secretary
noun	song	awit	unconfirmed	song
noun	harvester ant	hakot	unconfirmed	a harvester ant; an ant belonging to any of a number of species which gather and store plant material (usually seeds) for food
noun	fruit	prutas	unconfirmed	a fruit (especially one served to be eaten)
noun	offering	halad	unconfirmed	an offering; that which has been offered; a sacrifice
adj	off	pawong	unconfirmed	off
adj	approaching	singabot	unconfirmed	approaching
noun	goods for sale	tinda	unconfirmed	goods for sale, merchandise
adj	communist	komunista	unconfirmed	communist
noun	single mother	maestra	unconfirmed	a single mother
verb	be involved in an activity or situation that you have not experienced before	bag-ohan	unconfirmed	to be involved in an activity or situation that you have not experienced before
adj	bitter	pait	unconfirmed	bitter
noun	dotted grouper	kinsan	unconfirmed	the dotted grouper (Epinephelus episticus)
verb	hope	laom	unconfirmed	to hope
verb	there exists	atua	unconfirmed	there exists (far from both the speaker and listener)
noun	that which is used as priming	kati	unconfirmed	that which is used as priming
verb	satisfy	tagbaw	unconfirmed	to satisfy
adj	vertical	tindog	unconfirmed	vertical
noun	canoe	bangka	unconfirmed	a canoe; an outrigger canoe or dugout
adj	skilled	hanas	unconfirmed	skilled; adept
noun	mother	nanay	unconfirmed	a mother
verb	put something in place	plastar	unconfirmed	to put something in place; to put something in its proper place
noun	lap	sabakan	unconfirmed	the lap; the upper legs of a seated person
adv	there	dinha	unconfirmed	there
noun	size	gidak-on	unconfirmed	size
noun	western	western	unconfirmed	a western
noun	barrier	ali	unconfirmed	barrier
noun	game where one team attempts to clear sections of a field while the members of the opposing side	inin	unconfirmed	a game where one team attempts to clear sections of a field while the members of the opposing side, with arms outstretched, try to guard their designated line
noun	disastrous event	trahedya	unconfirmed	a disastrous event; a tragedy
noun	boxing	boksing	unconfirmed	boxing
noun	cement	semento	unconfirmed	cement
verb	encounter	tagbo	unconfirmed	to encounter; to meet
noun	terrorism	terorismo	unconfirmed	terrorism
noun	school	eskuwelahan	unconfirmed	school
noun	tree trunk	lindog	unconfirmed	the tree trunk
noun	post	poste	unconfirmed	post; column
adj	annoyed	sapot	unconfirmed	annoyed; irritated
noun	floating woven container used to temporarily hold fish caught from fish traps	buhian	unconfirmed	a floating woven container used to temporarily hold fish caught from fish traps
adj	truthful	matinud-anon	unconfirmed	truthful
adj	false	bakak	unconfirmed	false
verb	cancel	kanselar	unconfirmed	to cancel
verb	land	landing	unconfirmed	to land; to descend to a surface, especially from the air to touch down
adj	deserted	mingaw	unconfirmed	deserted
noun	parish	parokya	unconfirmed	a parish (part of a diocese)
noun	grass	humay	unconfirmed	the grass, Oryza sativa; rice
adj	shaky	huyang	unconfirmed	shaky
adj	tired	kapoy	unconfirmed	tired; weary; exhausted
verb	broadcast	sibya	unconfirmed	to broadcast; to transmit a message or signal through radio waves or electronic means
adj	false	ilad	unconfirmed	false
noun	female servant or cleaner	katabang	unconfirmed	a female servant or cleaner; a maid
adj	Last	kataposan	unconfirmed	Last; final; ultimate.
noun	master of a household	senyor	unconfirmed	the master of a household
noun	victor	mananaog	unconfirmed	a victor; a winner
noun	funeral home	punerarya	unconfirmed	funeral home; funeral parlor
verb	deject	sagmuyo	unconfirmed	to deject
verb	submit	sumiter	unconfirmed	to submit
noun	jewelry	alahas	unconfirmed	jewelry (US); jewellery (Canada, UK)
noun	meadow	laguna	unconfirmed	meadow, pasture, grassland
verb	commit suicide	pakamatay	unconfirmed	to commit suicide
noun	culture-bound syndrome characterized by fear caused by exposure to frightful experiences	ugmad	unconfirmed	a culture-bound syndrome characterized by fear caused by exposure to frightful experiences
noun	wake	haya	unconfirmed	a wake; a period after a person's death before the body is buried, in some cultures accompanied by a party
verb	remove	tanggal	unconfirmed	to remove
noun	general	heneral	unconfirmed	a general
noun	rest	pahulay	unconfirmed	a rest; a short time for relaxing and doing something else
noun	package	putos	unconfirmed	package; small bundle
noun	uncle	uyoan	unconfirmed	an uncle; the brother of either parent
noun	treasure	bahandi	unconfirmed	treasure; wealth; riches;
verb	bring	dalhon	unconfirmed	to bring; to carry
noun	common-law spouse	kaipon	unconfirmed	a common-law spouse, a live-in partner
noun	contest	sabong	unconfirmed	a contest, in a cockpit, between gamecocks fitted with cockspurs; a cockfight; cockfighting
verb	touch on	hilabtan	unconfirmed	to touch on; touch something
adj	stiff	kaging	unconfirmed	stiff
noun	person's spouse or lover	kapikas	unconfirmed	a person's spouse or lover
noun	series	serye	unconfirmed	a series; a television or radio program which consists of several episodes that are broadcast in regular intervals
noun	cover	tabon	unconfirmed	cover; covering
noun	dominant color	dayag	unconfirmed	the dominant color
noun	open space	hawanan	unconfirmed	an open space; an open ground
noun	tortoise	iyon	unconfirmed	tortoise
noun	mosquito	lamok	unconfirmed	mosquito
verb	shake	taktak	unconfirmed	to shake; to dislodge or dispense (something) by short, quick, forcible movements of its container
noun	weight	timbang	unconfirmed	weight
adj	economical	ekonomikanhon	unconfirmed	economical
noun	ghost	kalag	unconfirmed	ghost; specter; wraith
noun	brown-marbled grouper	lapulapu	unconfirmed	brown-marbled grouper (Epinephelus fuscoguttatus)
verb	sail	lawig	unconfirmed	to sail; to navigate
noun	thigh	paa	unconfirmed	the thigh; the upper leg
noun	attempt	pagsulay	unconfirmed	an attempt
verb	respond	balos	unconfirmed	to respond
noun	crown	korona	unconfirmed	crown
noun	link	dugtong	unconfirmed	link; a piece that joins another piece
noun	mistress	kabit	unconfirmed	mistress, paramour, lover, concubine
noun	chance	tsansa	unconfirmed	a chance; a possibility; a probability
noun	storeroom	bodega	unconfirmed	a storeroom
noun	competence	katakos	unconfirmed	competence
noun	small crude shelter	payag	unconfirmed	a small crude shelter; a hovel; a cottage; a hut
adj	fussy	pilian	unconfirmed	fussy; particular; demanding to have things just right; picky; choosy
noun	that which is produced or occurs as a result of an event or process	sangpot	unconfirmed	that which is produced or occurs as a result of an event or process; an outcome
noun	syndicate	sindikato	unconfirmed	a syndicate; a similar group of gangsters engaged in organized crime
noun	that which is strapped around the waist	takin	unconfirmed	that which is strapped around the waist
adj	proficient	batid	unconfirmed	proficient; skillful
verb	maintain	mintinar	unconfirmed	to maintain; to keep up; to preserve; to uphold a state, condition etc.
noun	Mrs	misis	unconfirmed	Mrs
noun	cough	ubo	unconfirmed	cough
noun	session	sesyon	unconfirmed	session
noun	fate	kapalaran	unconfirmed	fate; fortune
noun	hope	paglaom	unconfirmed	hope; prospect
noun	uncle	tito	unconfirmed	an uncle; the brother of either parent
noun	beach	aplaya	unconfirmed	beach; seashore
adj	smoked	aso	unconfirmed	smoked
noun	criticism	batikos	unconfirmed	a criticism
noun	democracy	demokrasya	unconfirmed	democracy
noun	runaway	layas	unconfirmed	runaway
noun	stopping place	estasyon	unconfirmed	a stopping place
noun	three-spot cardinalfish	pangan	unconfirmed	the three-spot cardinalfish (Pristicon trimaculatus)
noun	piece	buok	unconfirmed	a piece
verb	invite	imbitar	unconfirmed	to invite
noun	problem	kalisud	unconfirmed	problem
noun	lightning	kilat	unconfirmed	lightning
verb	copy	suon	unconfirmed	to copy
noun	action	aksiyon	unconfirmed	action; movement
noun	aunt	iyaan	unconfirmed	an aunt; the sister of either parent
noun	roasted suckling piglet	lechon	unconfirmed	a roasted suckling piglet; a roasted pig
noun	attempt	pagsuway	unconfirmed	an attempt
adj	fertile	tabunok	unconfirmed	fertile
verb	endure	agwanta	unconfirmed	to endure; to put up with; to tolerate
noun	ambush	banhig	unconfirmed	an ambush
verb	bite	paak	unconfirmed	to bite
noun	inspiration	inspirasyon	unconfirmed	inspiration
noun	eraser	papas	unconfirmed	an eraser
verb	subvert	pukan	unconfirmed	to subvert
noun	oath	sumpa	unconfirmed	an oath
noun	application	aplikasyon	unconfirmed	application
noun	grandparent	apohan	unconfirmed	grandparent
noun	any animal	mananap	unconfirmed	any animal
adj	chosen	pinili	unconfirmed	chosen; picked; selected
noun	municipalities or towns	kalungsoran	unconfirmed	municipalities or towns
noun	submerged rocks	pasil	unconfirmed	submerged rocks
noun	compensation	suholan	unconfirmed	a compensation; a recompense or reward for some loss or service
noun	appetite	gana	unconfirmed	appetite
noun	difference	kalainan	unconfirmed	difference
adj	hot	mainit	unconfirmed	hot
noun	motorized tricycle	traysikol	unconfirmed	a motorized tricycle; a motorbike with a mounted sidecar; a cycle rickshaw
adj	tasting sour and or bitter and causing a numbing taste in the mouth or tongue	apod	unconfirmed	tasting sour and or bitter and causing a numbing taste in the mouth or tongue, often caused by biting into or eating unripe fruit
noun	furlough	bakasyon	unconfirmed	furlough, vacation
noun	difference	iban	unconfirmed	the difference; the quantity obtained after subtracting numbers
verb	pour down	bundak	unconfirmed	to pour down; to rain heavily
noun	religious image	imahe	unconfirmed	religious image
noun	contractor	kontraktor	unconfirmed	a contractor
noun	trustee	sinaligan	unconfirmed	a trustee
adj	deep	lalom	unconfirmed	deep
noun	morning period	kabuntagon	unconfirmed	morning period
verb	knock on a suspected drug trafficker or drug addict's home to persuade them to surrender and stop their illegal activities	tokhang	unconfirmed	to knock on a suspected drug trafficker or drug addict's home to persuade them to surrender and stop their illegal activities
noun	brown sailor spider	bahay	unconfirmed	the brown sailor spider (Neoscona nautica)
verb	cripple	balda	unconfirmed	to cripple; to maim; to disable
adj	brave	isog	unconfirmed	brave; courageous; bold
noun	accusation	akusasyon	unconfirmed	accusation
noun	inspection	inspeksyon	unconfirmed	inspection
adj	able to see	kakita	unconfirmed	able to see
noun	father	tatay	unconfirmed	a father
noun	waterfall	busay	unconfirmed	waterfall
verb	touch or move something one doesn't own	hilabot	unconfirmed	to touch or move something one doesn't own
verb	swallow	lamoy	unconfirmed	to swallow
noun	realm	ginsakpan	unconfirmed	realm, dominion
noun	motorcycle taxi	habalhabal	unconfirmed	motorcycle taxi
noun	participation	pagsalmot	unconfirmed	participation; the act of participating, of taking part in something
verb	be excessive	pasagad	unconfirmed	to be excessive
noun	branch of a plant	sanga	unconfirmed	the branch of a plant
noun	synonym of seremonya	seremonyas	unconfirmed	synonym of seremonya
verb	strive for	singkamot	unconfirmed	to strive for
noun	land around a house	tugkaran	unconfirmed	the land around a house; a yard; a lawn
noun	bet collector in cockfighting	kristo	unconfirmed	bet collector in cockfighting
adj	newly produced or obtained	presko	unconfirmed	newly produced or obtained
noun	tooth-filing practiced in pre-colonial Visayas	sangka	unconfirmed	tooth-filing practiced in pre-colonial Visayas
noun	Indian tragacanth	banilad	unconfirmed	Indian tragacanth (Sterculia urens)
noun	attitude of consideration or high regard	tahod	unconfirmed	an attitude of consideration or high regard; respect
noun	unqualified spider in spider fighting	boxer	unconfirmed	an unqualified spider in spider fighting, a male with glove-like palps, instead used as a feed
verb	arrive suddenly and unannounced	butho	unconfirmed	to arrive suddenly and unannounced; to plump in
verb	leave	hawa	unconfirmed	to leave
adj	gigantic	higante	unconfirmed	gigantic; mammoth
noun	trader	manindahay	unconfirmed	a trader, seller or merchant, especially in the retail trade
noun	fashion model	model	unconfirmed	fashion model
noun	archbishop	arsobispo	unconfirmed	archbishop
noun	practice	praktis	unconfirmed	practice, rehearsal
noun	railroad car	bagon	unconfirmed	railroad car (US); railway carriage (UK)
noun	coconut husk	bunot	unconfirmed	coconut husk
verb	direct or give attention	tagad	unconfirmed	to direct or give attention
verb	land	tugpa	unconfirmed	to land; to touch down
verb	graduate from university	gradwar	unconfirmed	to graduate from university, preschool, high school, etc.
noun	relationship between siblings	managsuon	unconfirmed	the relationship between siblings
noun	observation	obserbasyon	unconfirmed	observation
noun	spring	tubod	unconfirmed	a spring
noun	contraband	kontrabando	unconfirmed	contraband; smuggled goods
verb	come	ari	unconfirmed	to come; to go here (to a place near the speaker)
noun	celebrity	bantog	unconfirmed	celebrity
verb	book	lukat	unconfirmed	to book; to reserve (something) for future use
noun	beauty parlor	parlor	unconfirmed	a beauty parlor
noun	babble	yawyaw	unconfirmed	babble; idle talk; senseless prattle
noun	butterfly knife	batangas	unconfirmed	a butterfly knife
noun	Term of address for a boy or young man	dodong	unconfirmed	Term of address for a boy or young man
noun	addition	pagdugang	unconfirmed	addition; the process of adding (two numbers)
adj	crazy	animal	unconfirmed	crazy
noun	spirit	espiritu	unconfirmed	a spirit
noun	compassion	kaluoy	unconfirmed	compassion
noun	candle	kandila	unconfirmed	candle
verb	retract	bakwi	unconfirmed	to retract
adj	bubbly	bula	unconfirmed	bubbly
verb	embrace	gakos	unconfirmed	to embrace; to hug
